Country,Price Index,month,C1_School closing_org,C2_Workplace closing_org,C3_Cancel public events_org,C4_Restrictions on gatherings_org,C5_Close public transport_org,C6_Stay at home requirements_org,C7_Restrictions on internal movement_org,C8_International travel controls_org,ConfirmedCases_org,ConfirmedDeaths_org,StringencyIndex_org,log_cases_org,log_death_org,CountryName,C1_School closing_dst,C2_Workplace closing_dst,C3_Cancel public events_dst,C4_Restrictions on gatherings_dst,C5_Close public transport_dst,C6_Stay at home requirements_dst,C7_Restrictions on internal movement_dst,C8_International travel controls_dst,ConfirmedCases_dst,ConfirmedDeaths_dst,StringencyIndex_dst,log_cases_dst,log_death_dst,date
Canada,104.6,2019-12-01,0.0,0.0,0.0,0.0,0.0,0.0,0.0,0.0,0.0,0.0,0.0,0.0,0.0,0,0.0,0.0,0.0,0.0,0.0,0.0,0.0,0.0,0.0,0.0,0.0,0.0,0.0,0
Canada,105.0,2020-01-01,1.0,0.0,1.0,0.0,0.0,0.0,0.0,1.0,34.0,0.0,3460.9599999999937,3.555348061489413,0.0,United States,0.0,0.0,0.0,0.0,0.0,1.0,0.0,1.0,82.0,10.0,978.4399999999956,4.418840607796598,2.3978952727983707,1
Canada,103.5,2020-02-01,1.0,0.0,1.0,0.0,0.0,0.0,0.0,1.0,422.0,0.0,4773.099999999992,6.0473721790462776,0.0,United States,0.0,0.0,0.0,0.0,0.0,1.0,0.0,1.0,822.0,31.0,5434.350000000011,6.71295620067707,3.4657359027997265,2
Canada,101.3,2020-03-01,1.0,1.0,1.0,1.0,1.0,1.0,1.0,1.0,122983.0,1972.0,18085.759999999984,11.719809544592437,7.587310506022615,United States,1.0,1.0,1.0,1.0,1.0,1.0,1.0,1.0,2239877.0,52060.0,69997.39000000036,14.621931958062277,10.86017138696953,3
Canada,98.3,2020-04-01,1.0,1.0,1.0,1.0,1.0,1.0,1.0,1.0,1930844.0,113655.0,32237.04999999998,14.473468288898376,11.640931621551912,United States,1.0,1.0,1.0,1.0,1.0,1.0,1.0,1.0,39637247.0,2137344.0,123071.36000000032,17.495279840192637,14.575074962543855,4
Canada,98.4,2020-05-01,1.0,1.0,1.0,1.0,1.0,1.0,1.0,1.0,4711795.0,386598.0,32501.959999999966,15.365579709658194,12.86514325910015,United States,1.0,1.0,1.0,1.0,1.0,1.0,1.0,1.0,90544685.0,5594808.0,117517.9099999998,18.321354054762672,15.537349761522584,5
Canada,100.0,2020-06-01,1.0,1.0,1.0,1.0,1.0,1.0,1.0,1.0,5951422.0,505354.0,28567.920000000016,15.599140908591565,13.133016431586642,United States,1.0,1.0,1.0,1.0,1.0,1.0,1.0,1.0,129591407.0,7131398.0,100569.68000000062,18.67989704338845,15.78001798632692,6
Canada,101.4,2020-07-01,1.0,1.0,1.0,1.0,1.0,1.0,1.0,1.0,6820604.0,553101.0,27206.75000000005,15.735458735562592,13.223297711958876,United States,1.0,1.0,1.0,1.0,1.0,1.0,1.0,1.0,222051618.0,8634642.0,99146.72000000102,19.21842043082645,15.971292925338249,7
Canada,102.3,2020-08-01,1.0,1.0,1.0,1.0,1.0,1.0,1.0,1.0,7602834.0,564916.0,26892.92000000012,15.84403176201533,13.24443409668246,United States,1.0,1.0,1.0,1.0,1.0,1.0,1.0,1.0,332675398.0,10487122.0,98345.61000000066,19.622677794762115,16.165658681554856,8
Canada,103.2,2020-09-01,1.0,1.0,1.0,1.0,1.0,1.0,1.0,1.0,8512576.0,556663.0,24293.00000000005,15.957055274920286,13.229717105294192,United States,1.0,1.0,1.0,1.0,1.0,1.0,1.0,1.0,398563926.0,11686008.0,88863.64000000032,19.8033784624003,16.27390287224854,9
Canada,103.8,2020-10-01,1.0,1.0,1.0,1.0,1.0,1.0,1.0,1.0,12204975.0,609200.0,25276.690000000028,16.317354295400055,13.319903541498842,United States,1.0,1.0,1.0,1.0,1.0,1.0,1.0,1.0,501452077.0,13476803.0,88958.51000000024,20.03301860347236,16.416480543349557,10
Canada,105.0,2020-11-01,1.0,1.0,1.0,1.0,1.0,1.0,1.0,1.0,18237373.0,674683.0,26010.099999999973,16.71898356294764,13.421999712090962,United States,1.0,1.0,1.0,1.0,1.0,1.0,1.0,1.0,674929008.0,14877546.0,88502.72000000032,20.33011807145401,16.515363721629072,11
Canada,105.5,2020-12-01,1.0,1.0,1.0,1.0,1.0,1.0,1.0,1.0,30087625.0,879720.0,28828.99999999992,17.21962454885032,13.687360090730309,United States,1.0,1.0,1.0,1.0,1.0,1.0,1.0,1.0,1053717759.0,19182641.0,95094.2400000006,20.77559047132,16.769516365587034,12
Canada,107.7,2021-01-01,1.0,1.0,1.0,1.0,1.0,1.0,1.0,1.0,43324877.0,1138736.0,29079.930000000066,17.58423757763584,13.945430311464795,United States,1.0,1.0,1.0,1.0,1.0,1.0,1.0,1.0,1464550441.0,24653083.0,94427.58000000076,21.10481416679357,17.02041256218904,13
Canada,109.3,2021-02-01,1.0,1.0,1.0,1.0,1.0,1.0,1.0,1.0,46399807.0,1200844.0,26360.65000000007,17.65280587925689,13.998536033615874,United States,1.0,1.0,1.0,1.0,1.0,1.0,1.0,1.0,1550635716.0,27010059.0,82579.19,21.161930823793146,17.111719947165813,14
Canada,110.8,2021-03-01,1.0,1.0,1.0,1.0,1.0,1.0,1.0,1.0,57183472.0,1405879.0,28082.22000000011,17.861775481034247,14.156173999203956,United States,1.0,1.0,1.0,1.0,1.0,1.0,1.0,1.0,1835738875.0,32965325.0,86379.16999999993,21.330712894628988,17.310966839757143,15
Canada,112.3,2021-04-01,1.0,1.0,1.0,1.0,1.0,1.0,1.0,1.0,66388187.0,1430820.0,28335.91000000009,18.011029707055815,14.17375896336301,United States,1.0,1.0,1.0,1.0,1.0,1.0,1.0,1.0,1891368494.0,33584221.0,75822.20000000011,21.360566475433288,17.32956693131132,16
Canada,113.9,2021-05-01,1.0,1.0,1.0,1.0,1.0,1.0,1.0,1.0,82071425.0,1562245.0,30440.91000000019,18.22310047486618,14.261635087378384,United States,1.0,1.0,1.0,1.0,1.0,1.0,1.0,1.0,2042243457.0,35988314.0,71435.86999999962,21.437314774851465,17.398704860398478,17
Canada,115.0,2021-06-01,1.0,1.0,1.0,1.0,1.0,1.0,1.0,1.0,84320086.0,1565217.0,26630.78000000003,18.250130674540475,14.263535669380047,United States,1.0,1.0,1.0,1.0,1.0,1.0,1.0,1.0,2011296808.0,35700717.0,61062.77999999989,21.42204552958612,17.390681358592442,18
Canada,116.7,2021-07-01,1.0,1.0,1.0,1.0,1.0,1.0,1.0,1.0,88339306.0,1642188.0,23824.75000000005,18.29669571941092,14.311540665902886,United States,1.0,1.0,1.0,1.0,1.0,1.0,1.0,1.0,2118195381.0,37411588.0,58447.63999999956,21.473830328218508,17.437491080696272,19
Canada,116.7,2021-08-01,1.0,1.0,1.0,1.0,1.0,1.0,1.0,1.0,90608675.0,1656261.0,22395.92999999999,18.322060528017765,14.32007381397344,United States,1.0,1.0,1.0,1.0,1.0,1.0,1.0,1.0,2296647899.0,38414750.0,54938.49999999948,21.554716462007782,17.463952084419834,20
Canada,118.1,2021-09-01,1.0,1.0,1.0,1.0,1.0,1.0,1.0,1.0,93877713.0,1636914.0,23077.38999999993,18.357503578416285,14.30832393075348,United States,1.0,1.0,1.0,1.0,1.0,1.0,1.0,1.0,2494555827.0,39871067.0,50617.4399999997,21.637376525451888,17.50116150605671,21
Canada,119.8,2021-10-01,1.0,1.0,1.0,1.0,1.0,1.0,1.0,1.0,104111356.0,1759027.0,25382.570000000003,18.460971624656644,14.380271941728306,United States,1.0,1.0,1.0,1.0,1.0,1.0,1.0,1.0,2779251187.0,44658385.0,51515.389999999694,21.745447371531355,17.614552664000882,22
Canada,120.3,2021-11-01,1.0,1.0,1.0,1.0,1.0,1.0,1.0,1.0,105401239.0,1756815.0,24648.90999999985,18.473284958708216,14.379013637724,United States,1.0,1.0,1.0,1.0,1.0,1.0,1.0,1.0,2833058554.0,45653885.0,52336.98000000027,21.764622726483417,17.636599287340623,23
Canada,118.9,2021-12-01,1.0,1.0,1.0,1.0,1.0,1.0,1.0,1.0,118382350.0,1855479.0,25052.58999999988,18.58943020680326,14.433653980658868,United States,1.0,1.0,1.0,1.0,1.0,1.0,1.0,1.0,3148951317.0,49655061.0,54306.37000000021,21.870335319434844,17.720610896934264,24
Canada,123.0,2022-01-01,1.0,1.0,1.0,1.0,1.0,1.0,1.0,1.0,169550627.0,1982546.0,28086.590000000004,18.948662130451208,14.499892939650223,United States,1.0,1.0,1.0,1.0,1.0,1.0,1.0,1.0,4073100985.0,52802767.0,55409.66,22.12767045931465,17.78207417154481,25
Canada,125.9,2022-02-01,1.0,1.0,1.0,1.0,1.0,1.0,1.0,1.0,179482924.0,1987628.0,22533.61000000001,19.005590636019715,14.50245302906472,United States,1.0,1.0,1.0,1.0,1.0,1.0,1.0,1.0,4339352063.0,51501354.0,49058.19000000012,22.19099087990405,17.757118675967455,26
Canada,129.5,2022-03-01,1.0,1.0,1.0,1.0,1.0,1.0,1.0,1.0,210139556.0,2301262.0,12903.399999999996,19.163282425104285,14.648968660617216,United States,1.0,1.0,1.0,1.0,1.0,1.0,1.0,1.0,4919809186.0,59838975.0,48333.6399999999,22.316535583568463,17.907167779184615,27
Mexico,99.8,2019-12-01,0.0,0.0,0.0,0.0,0.0,0.0,0.0,0.0,0.0,0.0,0.0,0.0,0.0,0,0.0,0.0,0.0,0.0,0.0,0.0,0.0,0.0,0.0,0.0,0.0,0.0,0.0,0
Mexico,101.0,2020-01-01,0.0,0.0,0.0,0.0,0.0,0.0,0.0,0.0,0.0,0.0,0.0,0.0,0.0,United States,0.0,0.0,0.0,0.0,0.0,1.0,0.0,1.0,82.0,10.0,978.4399999999956,4.418840607796598,2.3978952727983707,1
Mexico,98.5,2020-02-01,0.0,0.0,0.0,0.0,0.0,0.0,0.0,1.0,5.0,0.0,5.56,1.791759469228055,0.0,United States,0.0,0.0,0.0,0.0,0.0,1.0,0.0,1.0,822.0,31.0,5434.350000000011,6.71295620067707,3.4657359027997265,2
Mexico,98.0,2020-03-01,1.0,1.0,1.0,1.0,1.0,1.0,1.0,1.0,8124.0,136.0,617.64,9.002701007197938,4.919980925828125,United States,1.0,1.0,1.0,1.0,1.0,1.0,1.0,1.0,2239877.0,52060.0,69997.39000000036,14.621931958062277,10.86017138696953,3
Mexico,92.9,2020-04-01,1.0,1.0,1.0,1.0,1.0,1.0,1.0,1.0,229514.0,19390.0,2472.3,12.343723665824024,9.87256431988262,United States,1.0,1.0,1.0,1.0,1.0,1.0,1.0,1.0,39637247.0,2137344.0,123071.36000000032,17.495279840192637,14.575074962543855,4
Mexico,94.2,2020-05-01,1.0,1.0,1.0,1.0,1.0,1.0,1.0,1.0,1560343.0,165485.0,2554.71,14.260416867736854,12.016641878076122,United States,1.0,1.0,1.0,1.0,1.0,1.0,1.0,1.0,90544685.0,5594808.0,117517.9099999998,18.321354054762672,15.537349761522584,5
Mexico,94.8,2020-06-01,1.0,1.0,1.0,1.0,1.0,1.0,1.0,1.0,4692440.0,562682.0,2145.359999999999,15.361463474108564,13.240471693484633,United States,1.0,1.0,1.0,1.0,1.0,1.0,1.0,1.0,129591407.0,7131398.0,100569.68000000062,18.67989704338845,15.78001798632692,6
Mexico,95.8,2020-07-01,1.0,1.0,1.0,1.0,1.0,1.0,1.0,1.0,10107738.0,1164238.0,2195.729999999999,16.128811926025072,13.967578212657408,United States,1.0,1.0,1.0,1.0,1.0,1.0,1.0,1.0,222051618.0,8634642.0,99146.72000000102,19.21842043082645,15.971292925338249,7
Mexico,95.9,2020-08-01,1.0,1.0,1.0,1.0,1.0,1.0,1.0,1.0,16108026.0,1749213.0,2240.2499999999995,16.59482827713782,14.37467710214769,United States,1.0,1.0,1.0,1.0,1.0,1.0,1.0,1.0,332675398.0,10487122.0,98345.61000000066,19.622677794762115,16.165658681554856,8
Mexico,96.4,2020-09-01,1.0,1.0,1.0,1.0,1.0,1.0,1.0,1.0,20309152.0,2150492.0,2157.44,16.82658222909266,14.581207676143666,United States,1.0,1.0,1.0,1.0,1.0,1.0,1.0,1.0,398563926.0,11686008.0,88863.64000000032,19.8033784624003,16.27390287224854,9
Mexico,97.2,2020-10-01,1.0,1.0,1.0,1.0,1.0,1.0,1.0,1.0,26077771.0,2649132.0,2239.3600000000006,17.07659386192557,14.789742974619363,United States,1.0,1.0,1.0,1.0,1.0,1.0,1.0,1.0,501452077.0,13476803.0,88958.51000000024,20.03301860347236,16.416480543349557,10
Mexico,98.3,2020-11-01,1.0,1.0,1.0,1.0,1.0,1.0,1.0,1.0,30342144.0,2962546.0,2152.8,17.22804822813315,14.901559929278578,United States,1.0,1.0,1.0,1.0,1.0,1.0,1.0,1.0,674929008.0,14877546.0,88502.72000000032,20.33011807145401,16.515363721629072,11
Mexico,99.3,2020-12-01,1.0,1.0,1.0,1.0,1.0,1.0,1.0,1.0,39586956.0,3594393.0,2224.5600000000004,17.49401025328406,15.094885967473395,United States,1.0,1.0,1.0,1.0,1.0,1.0,1.0,1.0,1053717759.0,19182641.0,95094.2400000006,20.77559047132,16.769516365587034,12
Mexico,102.5,2021-01-01,1.0,1.0,1.0,1.0,1.0,1.0,1.0,1.0,50652332.0,4367196.0,2224.5600000000004,17.740495848802524,15.289631942510448,United States,1.0,1.0,1.0,1.0,1.0,1.0,1.0,1.0,1464550441.0,24653083.0,94427.58000000076,21.10481416679357,17.02041256218904,13
Mexico,105.0,2021-02-01,1.0,1.0,1.0,1.0,1.0,1.0,1.0,1.0,55678011.0,4863060.0,1866.66,17.835095869330047,15.397178633004556,United States,1.0,1.0,1.0,1.0,1.0,1.0,1.0,1.0,1550635716.0,27010059.0,82579.19,21.161930823793146,17.111719947165813,14
Mexico,109.2,2021-03-01,1.0,1.0,1.0,1.0,1.0,1.0,1.0,1.0,67295623.0,6056567.0,1477.250000000001,18.024605770212656,15.616653860982668,United States,1.0,1.0,1.0,1.0,1.0,1.0,1.0,1.0,1835738875.0,32965325.0,86379.16999999993,21.330712894628988,17.310966839757143,15
Mexico,112.1,2021-04-01,1.0,1.0,1.0,0.0,1.0,1.0,1.0,1.0,68840861.0,6318085.0,1363.780000000001,18.047308051018877,15.658926872154026,United States,1.0,1.0,1.0,1.0,1.0,1.0,1.0,1.0,1891368494.0,33584221.0,75822.20000000011,21.360566475433288,17.32956693131132,16
Mexico,120.7,2021-05-01,1.0,1.0,1.0,0.0,1.0,1.0,1.0,1.0,73811722.0,6830938.0,1377.640000000001,18.11702812519414,15.73697270379562,United States,1.0,1.0,1.0,1.0,1.0,1.0,1.0,1.0,2042243457.0,35988314.0,71435.86999999962,21.437314774851465,17.398704860398478,17
Mexico,121.6,2021-06-01,1.0,1.0,1.0,0.0,1.0,1.0,1.0,1.0,73938227.0,6915108.0,1333.200000000001,18.11874054580825,15.74921928579118,United States,1.0,1.0,1.0,1.0,1.0,1.0,1.0,1.0,2011296808.0,35700717.0,61062.77999999989,21.42204552958612,17.390681358592442,18
Mexico,121.8,2021-07-01,1.0,1.0,1.0,1.0,1.0,1.0,1.0,1.0,82258182.0,7326021.0,1513.780000000001,18.22537343202272,15.80694322531939,United States,1.0,1.0,1.0,1.0,1.0,1.0,1.0,1.0,2118195381.0,37411588.0,58447.63999999956,21.473830328218508,17.437491080696272,19
Mexico,122.3,2021-08-01,1.0,1.0,1.0,1.0,1.0,1.0,1.0,1.0,96508398.0,7738176.0,2069.910000000001,18.385140598791207,15.861676688108668,United States,1.0,1.0,1.0,1.0,1.0,1.0,1.0,1.0,2296647899.0,38414750.0,54938.49999999948,21.554716462007782,17.463952084419834,20
Mexico,122.0,2021-09-01,1.0,1.0,1.0,1.0,1.0,1.0,1.0,1.0,105987673.0,8084319.0,1280.1000000000004,18.47883336229608,15.905436941086384,United States,1.0,1.0,1.0,1.0,1.0,1.0,1.0,1.0,2494555827.0,39871067.0,50617.4399999997,21.637376525451888,17.50116150605671,21
Mexico,124.7,2021-10-01,1.0,1.0,1.0,0.0,1.0,1.0,1.0,1.0,116125639.0,8795166.0,1205.59,18.57018326638557,15.989712924034922,United States,1.0,1.0,1.0,1.0,1.0,1.0,1.0,1.0,2779251187.0,44658385.0,51515.389999999694,21.745447371531355,17.614552664000882,22
Mexico,125.1,2021-11-01,1.0,1.0,1.0,0.0,1.0,1.0,1.0,1.0,115423235.0,8738796.0,1159.3,18.564116243589478,15.983283095137454,United States,1.0,1.0,1.0,1.0,1.0,1.0,1.0,1.0,2833058554.0,45653885.0,52336.98000000027,21.764622726483417,17.636599287340623,23
Mexico,121.7,2021-12-01,1.0,1.0,1.0,0.0,1.0,1.0,1.0,1.0,121716455.0,9209812.0,1057.5300000000009,18.617204766565223,16.035780104007987,United States,1.0,1.0,1.0,1.0,1.0,1.0,1.0,1.0,3148951317.0,49655061.0,54306.37000000021,21.870335319434844,17.720610896934264,24
Mexico,125.5,2022-01-01,1.0,1.0,1.0,1.0,1.0,1.0,1.0,1.0,136340255.0,9359085.0,1353.7299999999996,18.730664201555943,16.051858194113095,United States,1.0,1.0,1.0,1.0,1.0,1.0,1.0,1.0,4073100985.0,52802767.0,55409.66,22.12767045931465,17.78207417154481,25
Mexico,130.8,2022-02-01,1.0,1.0,1.0,1.0,1.0,1.0,1.0,1.0,148162862.0,8764934.0,1195.4000000000003,18.813822652379542,15.986269660451446,United States,1.0,1.0,1.0,1.0,1.0,1.0,1.0,1.0,4339352063.0,51501354.0,49058.19000000012,22.19099087990405,17.757118675967455,26
Mexico,135.9,2022-03-01,1.0,1.0,1.0,0.0,1.0,1.0,1.0,1.0,173819210.0,9957814.0,958.45,18.973526299784822,16.113868227983975,United States,1.0,1.0,1.0,1.0,1.0,1.0,1.0,1.0,4919809186.0,59838975.0,48333.6399999999,22.316535583568463,17.907167779184615,27
China,97.3,2019-12-01,0.0,0.0,0.0,0.0,0.0,0.0,0.0,0.0,0.0,0.0,0.0,0.0,0.0,0,0.0,0.0,0.0,0.0,0.0,0.0,0.0,0.0,0.0,0.0,0.0,0.0,0.0,0
China,97.1,2020-01-01,1.0,1.0,1.0,1.0,1.0,1.0,1.0,1.0,75794.0,1778.0,19649.21000000005,11.23578760639412,7.483806687665835,United States,0.0,0.0,0.0,0.0,0.0,1.0,0.0,1.0,82.0,10.0,978.4399999999956,4.418840607796598,2.3978952727983707,1
China,96.2,2020-02-01,1.0,1.0,1.0,1.0,1.0,1.0,1.0,1.0,3263070.0,92760.0,71325.47999999992,14.998179334456108,11.4377815718202,United States,0.0,0.0,0.0,0.0,0.0,1.0,0.0,1.0,822.0,31.0,5434.350000000011,6.71295620067707,3.4657359027997265,2
China,94.2,2020-03-01,1.0,1.0,1.0,1.0,1.0,1.0,1.0,1.0,5015237.0,196766.0,69672.81999999985,15.427991435879214,12.189775566613108,United States,1.0,1.0,1.0,1.0,1.0,1.0,1.0,1.0,2239877.0,52060.0,69997.39000000036,14.621931958062277,10.86017138696953,3
China,91.8,2020-04-01,1.0,1.0,1.0,1.0,1.0,1.0,1.0,1.0,5008928.0,236340.0,61910.070000000094,15.42673267775337,12.373030956376406,United States,1.0,1.0,1.0,1.0,1.0,1.0,1.0,1.0,39637247.0,2137344.0,123071.36000000032,17.495279840192637,14.575074962543855,4
China,92.7,2020-05-01,1.0,1.0,1.0,1.0,1.0,1.0,1.0,1.0,5237624.0,287278.0,58794.73000000015,15.471378709276182,12.568209147969371,United States,1.0,1.0,1.0,1.0,1.0,1.0,1.0,1.0,90544685.0,5594808.0,117517.9099999998,18.321354054762672,15.537349761522584,5
China,95.5,2020-06-01,1.0,1.0,1.0,1.0,1.0,1.0,1.0,1.0,5098089.0,278040.0,53385.67999999992,15.444376517744322,12.53552386381276,United States,1.0,1.0,1.0,1.0,1.0,1.0,1.0,1.0,129591407.0,7131398.0,100569.68000000062,18.67989704338845,15.78001798632692,6
China,96.8,2020-07-01,1.0,1.0,1.0,1.0,1.0,1.0,1.0,1.0,5304449.0,287308.0,53555.490000000136,15.484056648877948,12.56831357061665,United States,1.0,1.0,1.0,1.0,1.0,1.0,1.0,1.0,222051618.0,8634642.0,99146.72000000102,19.21842043082645,15.971292925338249,7
China,97.8,2020-08-01,1.0,1.0,1.0,1.0,1.0,1.0,1.0,1.0,5385768.0,287308.0,51465.51000000014,15.499270662462516,12.56831357061665,United States,1.0,1.0,1.0,1.0,1.0,1.0,1.0,1.0,332675398.0,10487122.0,98345.61000000066,19.622677794762115,16.165658681554856,8
China,96.6,2020-09-01,1.0,1.0,1.0,1.0,1.0,1.0,1.0,1.0,5254926.0,278040.0,46992.330000000045,15.474676670664826,12.53552386381276,United States,1.0,1.0,1.0,1.0,1.0,1.0,1.0,1.0,398563926.0,11686008.0,88863.64000000032,19.8033784624003,16.27390287224854,9
China,97.3,2020-10-01,1.0,1.0,1.0,1.0,1.0,1.0,1.0,1.0,5477123.0,287308.0,43903.97999999996,15.516090703641034,12.56831357061665,United States,1.0,1.0,1.0,1.0,1.0,1.0,1.0,1.0,501452077.0,13476803.0,88958.51000000024,20.03301860347236,16.416480543349557,10
China,99.1,2020-11-01,1.0,1.0,1.0,1.0,1.0,1.0,1.0,1.0,5365960.0,278040.0,45759.93999999986,15.495586041957694,12.53552386381276,United States,1.0,1.0,1.0,1.0,1.0,1.0,1.0,1.0,674929008.0,14877546.0,88502.72000000032,20.33011807145401,16.515363721629072,11
China,100.7,2020-12-01,1.0,1.0,1.0,1.0,1.0,1.0,1.0,1.0,5581133.0,287308.0,48858.19999999992,15.53490253951638,12.56831357061665,United States,1.0,1.0,1.0,1.0,1.0,1.0,1.0,1.0,1053717759.0,19182641.0,95094.2400000006,20.77559047132,16.769516365587034,12
China,101.0,2021-01-01,1.0,1.0,1.0,1.0,1.0,1.0,1.0,1.0,5695819.0,287360.0,54023.340000000055,15.555243130451029,12.568494544045372,United States,1.0,1.0,1.0,1.0,1.0,1.0,1.0,1.0,1464550441.0,24653083.0,94427.58000000076,21.10481416679357,17.02041256218904,13
China,102.0,2021-02-01,1.0,1.0,1.0,1.0,1.0,1.0,1.0,1.0,5248992.0,259616.0,48237.4399999999,15.473546806646198,12.466962747030095,United States,1.0,1.0,1.0,1.0,1.0,1.0,1.0,1.0,1550635716.0,27010059.0,82579.19,21.161930823793146,17.111719947165813,14
China,105.7,2021-03-01,1.0,1.0,1.0,1.0,1.0,1.0,1.0,1.0,5838661.0,287432.0,47413.5999999998,15.580012218965756,12.56874506858243,United States,1.0,1.0,1.0,1.0,1.0,1.0,1.0,1.0,1835738875.0,32965325.0,86379.16999999993,21.330712894628988,17.310966839757143,15
China,106.4,2021-04-01,1.0,1.0,1.0,1.0,1.0,1.0,1.0,1.0,5686300.0,278160.0,44248.76999999967,15.553570506830306,12.535955361728488,United States,1.0,1.0,1.0,1.0,1.0,1.0,1.0,1.0,1891368494.0,33584221.0,75822.20000000011,21.360566475433288,17.32956693131132,16
China,108.2,2021-05-01,1.0,1.0,1.0,1.0,1.0,1.0,1.0,1.0,5914508.0,287432.0,44537.12999999986,15.592919042650768,12.56874506858243,United States,1.0,1.0,1.0,1.0,1.0,1.0,1.0,1.0,2042243457.0,35988314.0,71435.86999999962,21.437314774851465,17.398704860398478,17
China,109.1,2021-06-01,1.0,1.0,1.0,1.0,1.0,1.0,1.0,1.0,5775765.0,278160.0,43281.919999999714,15.569181446268772,12.535955361728488,United States,1.0,1.0,1.0,1.0,1.0,1.0,1.0,1.0,2011296808.0,35700717.0,61062.77999999989,21.42204552958612,17.390681358592442,18
China,109.6,2021-07-01,1.0,1.0,1.0,1.0,1.0,1.0,1.0,1.0,6033604.0,287435.0,44414.02999999993,15.61285523417854,12.568755505742896,United States,1.0,1.0,1.0,1.0,1.0,1.0,1.0,1.0,2118195381.0,37411588.0,58447.63999999956,21.473830328218508,17.437491080696272,19
China,110.1,2021-08-01,1.0,1.0,1.0,1.0,1.0,1.0,1.0,1.0,6174656.0,287432.0,55957.12000000037,15.635963892376845,12.56874506858243,United States,1.0,1.0,1.0,1.0,1.0,1.0,1.0,1.0,2296647899.0,38414750.0,54938.49999999948,21.554716462007782,17.463952084419834,20
China,109.7,2021-09-01,1.0,1.0,1.0,1.0,1.0,1.0,1.0,1.0,6064329.0,278160.0,48283.3600000001,15.617934624348722,12.535955361728488,United States,1.0,1.0,1.0,1.0,1.0,1.0,1.0,1.0,2494555827.0,39871067.0,50617.4399999997,21.637376525451888,17.50116150605671,21
China,110.6,2021-10-01,1.0,1.0,1.0,1.0,1.0,1.0,1.0,1.0,6345485.0,287432.0,50485.4900000001,15.663254251942002,12.56874506858243,United States,1.0,1.0,1.0,1.0,1.0,1.0,1.0,1.0,2779251187.0,44658385.0,51515.389999999694,21.745447371531355,17.614552664000882,22
China,111.8,2021-11-01,1.0,1.0,1.0,1.0,1.0,1.0,1.0,1.0,6254085.0,278160.0,55239.51000000002,15.648745568104609,12.535955361728488,United States,1.0,1.0,1.0,1.0,1.0,1.0,1.0,1.0,2833058554.0,45653885.0,52336.98000000027,21.764622726483417,17.636599287340623,23
China,110.7,2021-12-01,1.0,1.0,1.0,1.0,1.0,1.0,1.0,1.0,6604895.0,287432.0,55516.24000000014,15.703321750167362,12.56874506858243,United States,1.0,1.0,1.0,1.0,1.0,1.0,1.0,1.0,3148951317.0,49655061.0,54306.37000000021,21.870335319434844,17.720610896934264,24
China,113.4,2022-01-01,1.0,1.0,1.0,1.0,1.0,1.0,1.0,1.0,6906004.0,287432.0,57415.57000000019,15.74790188093992,12.56874506858243,United States,1.0,1.0,1.0,1.0,1.0,1.0,1.0,1.0,4073100985.0,52802767.0,55409.66,22.12767045931465,17.78207417154481,25
China,116.6,2022-02-01,1.0,1.0,1.0,1.0,1.0,1.0,1.0,1.0,6420445.0,259616.0,52135.55,15.674998143658172,12.466962747030095,United States,1.0,1.0,1.0,1.0,1.0,1.0,1.0,1.0,4339352063.0,51501354.0,49058.19000000012,22.19099087990405,17.757118675967455,26
China,122.4,2022-03-01,1.0,1.0,1.0,1.0,1.0,1.0,1.0,1.0,8782770.0,287484.0,61943.79999999995,15.988302519463591,12.568925963945391,United States,1.0,1.0,1.0,1.0,1.0,1.0,1.0,1.0,4919809186.0,59838975.0,48333.6399999999,22.316535583568463,17.907167779184615,27
Japan,100.5,2019-12-01,0.0,0.0,0.0,0.0,0.0,0.0,0.0,0.0,0.0,0.0,0.0,0.0,0.0,0,0.0,0.0,0.0,0.0,0.0,0.0,0.0,0.0,0.0,0.0,0.0,0.0,0.0,0
Japan,100.5,2020-01-01,0.0,0.0,0.0,0.0,0.0,0.0,0.0,1.0,56.0,0.0,69.50000000000001,4.04305126783455,0.0,United States,0.0,0.0,0.0,0.0,0.0,1.0,0.0,1.0,82.0,10.0,978.4399999999956,4.418840607796598,2.3978952727983707,1
Japan,99.3,2020-02-01,0.0,1.0,1.0,0.0,0.0,0.0,1.0,1.0,2418.0,40.0,632.3299999999999,7.791109510610028,3.713572066704308,United States,0.0,0.0,0.0,0.0,0.0,1.0,0.0,1.0,822.0,31.0,5434.350000000011,6.71295620067707,3.4657359027997265,2
Japan,96.6,2020-03-01,1.0,1.0,1.0,0.0,0.0,0.0,1.0,1.0,29049.0,892.0,1275.92,10.276773762280058,6.794586580876499,United States,1.0,1.0,1.0,1.0,1.0,1.0,1.0,1.0,2239877.0,52060.0,69997.39000000036,14.621931958062277,10.86017138696953,3
Japan,93.2,2020-04-01,1.0,1.0,1.0,0.0,0.0,1.0,1.0,1.0,264160.0,6828.0,1372.1900000000005,12.484314044731285,8.82893352896109,United States,1.0,1.0,1.0,1.0,1.0,1.0,1.0,1.0,39637247.0,2137344.0,123071.36000000032,17.495279840192637,14.575074962543855,4
Japan,92.9,2020-05-01,1.0,1.0,1.0,0.0,0.0,1.0,1.0,1.0,496442.0,23077.0,1301.8200000000002,13.115223952251544,10.046635061754612,United States,1.0,1.0,1.0,1.0,1.0,1.0,1.0,1.0,90544685.0,5594808.0,117517.9099999998,18.321354054762672,15.537349761522584,5
Japan,97.0,2020-06-01,1.0,0.0,1.0,0.0,0.0,0.0,1.0,1.0,525362.0,28222.0,833.2999999999995,13.171844731218584,10.247892527339827,United States,1.0,1.0,1.0,1.0,1.0,1.0,1.0,1.0,129591407.0,7131398.0,100569.68000000062,18.67989704338845,15.78001798632692,6
Japan,97.9,2020-07-01,1.0,1.0,1.0,0.0,0.0,1.0,1.0,1.0,769638.0,30626.0,867.6999999999997,13.55367685272534,10.329637251837124,United States,1.0,1.0,1.0,1.0,1.0,1.0,1.0,1.0,222051618.0,8634642.0,99146.72000000102,19.21842043082645,15.971292925338249,7
Japan,98.6,2020-08-01,1.0,1.0,1.0,0.0,0.0,1.0,1.0,1.0,1701860.0,34929.0,1013.9599999999992,14.347232916155246,10.461101337800878,United States,1.0,1.0,1.0,1.0,1.0,1.0,1.0,1.0,332675398.0,10487122.0,98345.61000000066,19.622677794762115,16.165658681554856,8
Japan,99.3,2020-09-01,1.0,1.0,1.0,0.0,0.0,1.0,1.0,1.0,2296922.0,43822.0,991.7600000000004,14.647080959124162,10.687914072695598,United States,1.0,1.0,1.0,1.0,1.0,1.0,1.0,1.0,398563926.0,11686008.0,88863.64000000032,19.8033784624003,16.27390287224854,9
Japan,100.1,2020-10-01,1.0,0.0,1.0,0.0,0.0,1.0,1.0,1.0,2855665.0,51647.0,1024.1700000000008,14.864815648824091,10.85220675162962,United States,1.0,1.0,1.0,1.0,1.0,1.0,1.0,1.0,501452077.0,13476803.0,88958.51000000024,20.03301860347236,16.416480543349557,10
Japan,100.7,2020-11-01,1.0,1.0,1.0,0.0,0.0,1.0,1.0,1.0,3648413.0,57759.0,1100.0999999999997,15.10980311057932,10.964051773566707,United States,1.0,1.0,1.0,1.0,1.0,1.0,1.0,1.0,674929008.0,14877546.0,88502.72000000032,20.33011807145401,16.515363721629072,11
Japan,102.0,2020-12-01,1.0,1.0,1.0,0.0,1.0,1.0,1.0,1.0,5876987.0,86300.0,1453.7300000000005,15.586554943734612,11.3655964644899,United States,1.0,1.0,1.0,1.0,1.0,1.0,1.0,1.0,1053717759.0,19182641.0,95094.2400000006,20.77559047132,16.769516365587034,12
Japan,104.2,2021-01-01,1.0,1.0,1.0,1.0,1.0,1.0,1.0,1.0,9914215.0,140778.0,1530.1799999999994,16.10948024469671,11.854946563855178,United States,1.0,1.0,1.0,1.0,1.0,1.0,1.0,1.0,1464550441.0,24653083.0,94427.58000000076,21.10481416679357,17.02041256218904,13
Japan,105.9,2021-02-01,1.0,1.0,1.0,1.0,1.0,1.0,1.0,1.0,11643489.0,195704.0,1389.8999999999996,16.270257783506775,12.18436370236796,United States,1.0,1.0,1.0,1.0,1.0,1.0,1.0,1.0,1550635716.0,27010059.0,82579.19,21.161930823793146,17.111719947165813,14
Japan,107.3,2021-03-01,1.0,1.0,1.0,1.0,1.0,1.0,1.0,1.0,13993264.0,267606.0,1367.5499999999995,16.454086700398978,12.497274765339526,United States,1.0,1.0,1.0,1.0,1.0,1.0,1.0,1.0,1835738875.0,32965325.0,86379.16999999993,21.330712894628988,17.310966839757143,15
Japan,107.6,2021-04-01,1.0,1.0,1.0,1.0,0.0,1.0,1.0,1.0,15837325.0,288494.0,1361.0599999999995,16.5778801169687,12.572433033757576,United States,1.0,1.0,1.0,1.0,1.0,1.0,1.0,1.0,1891368494.0,33584221.0,75822.20000000011,21.360566475433288,17.32956693131132,16
Japan,111.0,2021-05-01,1.0,1.0,1.0,1.0,0.0,1.0,1.0,1.0,21045760.0,360633.0,1521.1699999999998,16.862209720141248,12.795618872605532,United States,1.0,1.0,1.0,1.0,1.0,1.0,1.0,1.0,2042243457.0,35988314.0,71435.86999999962,21.437314774851465,17.398704860398478,17
Japan,112.1,2021-06-01,1.0,1.0,1.0,1.0,0.0,1.0,1.0,1.0,23315113.0,424202.0,1598.0800000000004,16.964612377768685,12.957967393223496,United States,1.0,1.0,1.0,1.0,1.0,1.0,1.0,1.0,2011296808.0,35700717.0,61062.77999999989,21.42204552958612,17.390681358592442,18
Japan,112.1,2021-07-01,1.0,1.0,1.0,1.0,0.0,1.0,1.0,1.0,26124551.0,465532.0,1583.7200000000007,17.078386119776855,13.050938264701074,United States,1.0,1.0,1.0,1.0,1.0,1.0,1.0,1.0,2118195381.0,37411588.0,58447.63999999956,21.473830328218508,17.437491080696272,19
Japan,111.9,2021-08-01,1.0,1.0,1.0,1.0,0.0,1.0,1.0,1.0,36898551.0,480927.0,1584.6099999999997,17.423682867048388,13.083472849733822,United States,1.0,1.0,1.0,1.0,1.0,1.0,1.0,1.0,2296647899.0,38414750.0,54938.49999999948,21.554716462007782,17.463952084419834,20
Japan,112.7,2021-09-01,1.0,1.0,1.0,1.0,0.0,1.0,1.0,1.0,49375732.0,508753.0,1548.95,17.714969626644987,13.139719878115896,United States,1.0,1.0,1.0,1.0,1.0,1.0,1.0,1.0,2494555827.0,39871067.0,50617.4399999997,21.637376525451888,17.50116150605671,21
Japan,113.8,2021-10-01,1.0,1.0,1.0,1.0,0.0,1.0,1.0,1.0,53213339.0,559205.0,1463.8200000000006,17.789819674758572,13.23427319945791,United States,1.0,1.0,1.0,1.0,1.0,1.0,1.0,1.0,2779251187.0,44658385.0,51515.389999999694,21.745447371531355,17.614552664000882,22
Japan,115.1,2021-11-01,1.0,1.0,1.0,1.0,0.0,1.0,1.0,1.0,51746666.0,549774.0,1416.6000000000006,17.761870582238508,13.21726438259905,United States,1.0,1.0,1.0,1.0,1.0,1.0,1.0,1.0,2833058554.0,45653885.0,52336.98000000027,21.764622726483417,17.636599287340623,23
Japan,113.3,2021-12-01,1.0,1.0,1.0,1.0,0.0,1.0,1.0,1.0,53594682.0,569572.0,1463.8200000000006,17.796960423359412,13.252642236271017,United States,1.0,1.0,1.0,1.0,1.0,1.0,1.0,1.0,3148951317.0,49655061.0,54306.37000000021,21.870335319434844,17.720610896934264,24
Japan,117.8,2022-01-01,1.0,1.0,1.0,1.0,0.0,1.0,1.0,1.0,62424675.0,573071.0,1463.8200000000006,17.94947120388837,13.25876664225328,United States,1.0,1.0,1.0,1.0,1.0,1.0,1.0,1.0,4073100985.0,52802767.0,55409.66,22.12767045931465,17.78207417154481,25
Japan,121.7,2022-02-01,1.0,1.0,1.0,1.0,0.0,1.0,1.0,1.0,112014005.0,585923.0,1322.1600000000003,18.53413447501225,13.280945367315542,United States,1.0,1.0,1.0,1.0,1.0,1.0,1.0,1.0,4339352063.0,51501354.0,49058.19000000012,22.19099087990405,17.757118675967455,26
Japan,128.0,2022-03-01,1.0,1.0,1.0,1.0,0.0,1.0,1.0,1.0,182016880.0,818221.0,1423.12,19.01960999348705,13.614888972407323,United States,1.0,1.0,1.0,1.0,1.0,1.0,1.0,1.0,4919809186.0,59838975.0,48333.6399999999,22.316535583568463,17.907167779184615,27
